# Sample size, Mean, Margin
20.000000,9.368094,1.648828
